[
  {
    "employee": {
      "id": 913,
      "activeStatus": "A",
      "createdAt": null,
      "updatedAt": "2022-04-12T16:58:47.000+00:00",
      "vsNo": "5224",
      "staffName": "Sarmila Thapa Magar ",
      "phone": "9805339996/9842973153",
      "dateOfBirth": "2054-09-08",
      "permanentAddress": "Saptari ",
      "temporaryAddress": "Hattiban",
      "partTimeJoinDate": null,
      "fullTimeJoinDate": "2078-07-10",
      "resignDate": null,
      "category": {
        "id": 1,
        "activeStatus": "A",
        "createdAt": "2021-08-10T14:05:07.000+00:00",
        "updatedAt": null,
        "name": "Cleaner"
      },
      "workstation": null,
      "nonWorkingDays": "6",
      "useNepaliCalendar": true,
      "assignedHours": 8,
      "basicHours": 208,
      "email": null,
      "gender": "Female",
      "employeeDetails": {
        "id": 3238,
        "activeStatus": "A",
        "createdAt": "2022-04-12T16:58:47.000+00:00",
        "updatedAt": "2022-04-12T16:58:47.000+00:00",
        "accountNumber": null,
        "ssfNo": "20780352859",
        "panNumber": null,
        "bank": null,
        "bankBranch": null,
        "basicSalary": 9385,
        "dearnessAllowance": 5615,
        "otherAllowance": null,
        "specialAllowance": null,
        "direnessAllowance": null,
        "hardnessAllowance": null,
        "overtimeRate": 68,
        "holidayRate": 68
      },
      "employeeEmergencyDetails": {
        "id": 2280,
        "activeStatus": "A",
        "createdAt": "2022-04-12T16:58:47.000+00:00",
        "updatedAt": "2022-04-12T16:58:47.000+00:00",
        "bloodGroup": null,
        "contactName": null,
        "contactNumber": null,
        "relation": null,
        "photo": "photo_SarmilaThapaMagar_20220412111346",
        "citizenship": "citizenship_SarmilaThapaMagar_20220412111347"
      }
    },
    "totalHours": {
      "totalWorkedHours": 177,
      "totalLeaveDays": 0,
      "totalSickLeaveDays": 0,
      "totalAbsentDays": 0,
      "totalBasicHours": 177,
      "totalHolidayHours": 0,
      "totalOvertimeHours": 22,
      "totalHolidayBasicHours": 0,
      "totalLeaveHours": 0,
      "totalSickHours": 0
    },
    "isReliever": false,
    "days": [
      {
        "date": 1,
        "workedHours": 7,
        "isWeekend": false,
        "isHoliday": false,
        "isLeave": false,
        "isSick": false,
        "isAbsent": false,
        "isOvertime": false,
        "isReliever": false,
        "relievedEmployeeId": null,
        "holidayBasicHours": 0
      },
      {
        "date": 2,
        "workedHours": 0,
        "isWeekend": true,
        "isHoliday": false,
        "isLeave": false,
        "isSick": false,
        "isAbsent": false,
        "isOvertime": false,
        "isReliever": false,
        "relievedEmployeeId": null,
        "holidayBasicHours": 0
      },
      {
        "date": 3,
        "workedHours": 7,
        "isWeekend": false,
        "isHoliday": false,
        "isLeave": false,
        "isSick": false,
        "isAbsent": false,
        "isOvertime": false,
        "isReliever": false,
        "relievedEmployeeId": null,
        "holidayBasicHours": 0
      },
      {
        "date": 4,
        "workedHours": 7,
        "isWeekend": false,
        "isHoliday": false,
        "isLeave": false,
        "isSick": false,
        "isAbsent": false,
        "isOvertime": false,
        "isReliever": false,
        "relievedEmployeeId": null,
        "holidayBasicHours": 0
      },
      {
        "date": 5,
        "workedHours": 7,
        "isWeekend": false,
        "isHoliday": false,
        "isLeave": false,
        "isSick": false,
        "isAbsent": false,
        "isOvertime": false,
        "isReliever": false,
        "relievedEmployeeId": null,
        "holidayBasicHours": 0
      },
      {
        "date": 6,
        "workedHours": 7,
        "isWeekend": false,
        "isHoliday": false,
        "isLeave": false,
        "isSick": false,
        "isAbsent": false,
        "isOvertime": false,
        "isReliever": false,
        "relievedEmployeeId": null,
        "holidayBasicHours": 0
      },
      {
        "date": 7,
        "workedHours": 19,
        "isWeekend": false,
        "isHoliday": false,
        "isLeave": false,
        "isSick": false,
        "isAbsent": false,
        "isOvertime": true,
        "isReliever": false,
        "relievedEmployeeId": null,
        "holidayBasicHours": 0
      },
      {
        "date": 8,
        "workedHours": 7,
        "isWeekend": false,
        "isHoliday": false,
        "isLeave": false,
        "isSick": false,
        "isAbsent": false,
        "isOvertime": false,
        "isReliever": false,
        "relievedEmployeeId": null,
        "holidayBasicHours": 0
      },
      {
        "date": 9,
        "workedHours": 0,
        "isWeekend": true,
        "isHoliday": false,
        "isLeave": false,
        "isSick": false,
        "isAbsent": false,
        "isOvertime": false,
        "isReliever": false,
        "relievedEmployeeId": null,
        "holidayBasicHours": 0
      },
      {
        "date": 10,
        "workedHours": 7,
        "isWeekend": false,
        "isHoliday": false,
        "isLeave": false,
        "isSick": false,
        "isAbsent": false,
        "isOvertime": false,
        "isReliever": false,
        "relievedEmployeeId": null,
        "holidayBasicHours": 0
      },
      {
        "date": 11,
        "workedHours": 7,
        "isWeekend": false,
        "isHoliday": false,
        "isLeave": false,
        "isSick": false,
        "isAbsent": false,
        "isOvertime": false,
        "isReliever": false,
        "relievedEmployeeId": null,
        "holidayBasicHours": 0
      },
      {
        "date": 12,
        "workedHours": 7,
        "isWeekend": false,
        "isHoliday": false,
        "isLeave": false,
        "isSick": false,
        "isAbsent": false,
        "isOvertime": false,
        "isReliever": false,
        "relievedEmployeeId": null,
        "holidayBasicHours": 0
      },
      {
        "date": 13,
        "workedHours": 6,
        "isWeekend": false,
        "isHoliday": false,
        "isLeave": false,
        "isSick": false,
        "isAbsent": false,
        "isOvertime": false,
        "isReliever": false,
        "relievedEmployeeId": null,
        "holidayBasicHours": 0
      },
      {
        "date": 14,
        "workedHours": 19,
        "isWeekend": false,
        "isHoliday": false,
        "isLeave": false,
        "isSick": false,
        "isAbsent": false,
        "isOvertime": true,
        "isReliever": false,
        "relievedEmployeeId": null,
        "holidayBasicHours": 0
      },
      {
        "date": 15,
        "workedHours": 7,
        "isWeekend": false,
        "isHoliday": false,
        "isLeave": false,
        "isSick": false,
        "isAbsent": false,
        "isOvertime": false,
        "isReliever": false,
        "relievedEmployeeId": null,
        "holidayBasicHours": 0
      },
      {
        "date": 16,
        "workedHours": 0,
        "isWeekend": true,
        "isHoliday": false,
        "isLeave": false,
        "isSick": false,
        "isAbsent": false,
        "isOvertime": false,
        "isReliever": false,
        "relievedEmployeeId": null,
        "holidayBasicHours": 0
      },
      {
        "date": 17,
        "workedHours": 5,
        "isWeekend": false,
        "isHoliday": false,
        "isLeave": false,
        "isSick": false,
        "isAbsent": false,
        "isOvertime": false,
        "isReliever": false,
        "relievedEmployeeId": null,
        "holidayBasicHours": 0
      },
      {
        "date": 18,
        "workedHours": 7,
        "isWeekend": false,
        "isHoliday": false,
        "isLeave": false,
        "isSick": false,
        "isAbsent": false,
        "isOvertime": false,
        "isReliever": false,
        "relievedEmployeeId": null,
        "holidayBasicHours": 0
      },
      {
        "date": 19,
        "workedHours": 8,
        "isWeekend": false,
        "isHoliday": false,
        "isLeave": false,
        "isSick": false,
        "isAbsent": false,
        "isOvertime": false,
        "isReliever": false,
        "relievedEmployeeId": null,
        "holidayBasicHours": 0
      },
      {
        "date": 20,
        "workedHours": 6,
        "isWeekend": false,
        "isHoliday": false,
        "isLeave": false,
        "isSick": false,
        "isAbsent": false,
        "isOvertime": false,
        "isReliever": false,
        "relievedEmployeeId": null,
        "holidayBasicHours": 0
      },
      {
        "date": 21,
        "workedHours": 5,
        "isWeekend": false,
        "isHoliday": false,
        "isLeave": false,
        "isSick": false,
        "isAbsent": false,
        "isOvertime": false,
        "isReliever": false,
        "relievedEmployeeId": null,
        "holidayBasicHours": 0
      },
      {
        "date": 22,
        "workedHours": 8,
        "isWeekend": false,
        "isHoliday": false,
        "isLeave": false,
        "isSick": false,
        "isAbsent": false,
        "isOvertime": false,
        "isReliever": false,
        "relievedEmployeeId": null,
        "holidayBasicHours": 0
      },
      {
        "date": 23,
        "workedHours": 0,
        "isWeekend": true,
        "isHoliday": false,
        "isLeave": false,
        "isSick": false,
        "isAbsent": false,
        "isOvertime": false,
        "isReliever": false,
        "relievedEmployeeId": null,
        "holidayBasicHours": 0
      },
      {
        "date": 24,
        "workedHours": 6,
        "isWeekend": false,
        "isHoliday": false,
        "isLeave": false,
        "isSick": false,
        "isAbsent": false,
        "isOvertime": false,
        "isReliever": false,
        "relievedEmployeeId": null,
        "holidayBasicHours": 0
      },
      {
        "date": 25,
        "workedHours": 6,
        "isWeekend": false,
        "isHoliday": false,
        "isLeave": false,
        "isSick": false,
        "isAbsent": false,
        "isOvertime": false,
        "isReliever": false,
        "relievedEmployeeId": null,
        "holidayBasicHours": 0
      },
      {
        "date": 26,
        "workedHours": 7,
        "isWeekend": false,
        "isHoliday": false,
        "isLeave": false,
        "isSick": false,
        "isAbsent": false,
        "isOvertime": false,
        "isReliever": false,
        "relievedEmployeeId": null,
        "holidayBasicHours": 0
      },
      {
        "date": 27,
        "workedHours": 5,
        "isWeekend": false,
        "isHoliday": false,
        "isLeave": false,
        "isSick": false,
        "isAbsent": false,
        "isOvertime": false,
        "isReliever": false,
        "relievedEmployeeId": null,
        "holidayBasicHours": 0
      },
      {
        "date": 28,
        "workedHours": 7,
        "isWeekend": false,
        "isHoliday": false,
        "isLeave": false,
        "isSick": false,
        "isAbsent": false,
        "isOvertime": false,
        "isReliever": false,
        "relievedEmployeeId": null,
        "holidayBasicHours": 0
      },
      {
        "date": 29,
        "workedHours": 7,
        "isWeekend": false,
        "isHoliday": false,
        "isLeave": false,
        "isSick": false,
        "isAbsent": false,
        "isOvertime": false,
        "isReliever": false,
        "relievedEmployeeId": null,
        "holidayBasicHours": 0
      },
      {
        "date": 30,
        "workedHours": 0,
        "isWeekend": true,
        "isHoliday": false,
        "isLeave": false,
        "isSick": false,
        "isAbsent": false,
        "isOvertime": false,
        "isReliever": false,
        "relievedEmployeeId": null,
        "holidayBasicHours": 0
      }
    ],
    "numberOfHolidays": 0
  },
  {
    "employee": {
      "id": 937,
      "activeStatus": "A",
      "createdAt": null,
      "updatedAt": "2022-04-12T16:58:56.000+00:00",
      "vsNo": "5224 A",
      "staffName": "Sarmila Thapa Magar ",
      "phone": "9805339996/9842973153",
      "dateOfBirth": "2054-09-08",
      "permanentAddress": "Saptari ",
      "temporaryAddress": "Hattiban",
      "partTimeJoinDate": null,
      "fullTimeJoinDate": "2078-07-10",
      "resignDate": "",
      "category": {
        "id": 1,
        "activeStatus": "A",
        "createdAt": "2021-08-10T14:05:07.000+00:00",
        "updatedAt": null,
        "name": "Cleaner"
      },
      "workstation": null,
      "nonWorkingDays": "6",
      "useNepaliCalendar": true,
      "assignedHours": 3,
      "basicHours": 78,
      "email": null,
      "gender": "Female",
      "employeeDetails": {
        "id": 3239,
        "activeStatus": "A",
        "createdAt": "2022-04-12T16:58:56.000+00:00",
        "updatedAt": "2022-04-12T16:58:56.000+00:00",
        "accountNumber": null,
        "ssfNo": "20780352859",
        "panNumber": null,
        "bank": null,
        "bankBranch": null,
        "basicSalary": 3520,
        "dearnessAllowance": 2105,
        "otherAllowance": null,
        "specialAllowance": null,
        "direnessAllowance": null,
        "hardnessAllowance": null,
        "overtimeRate": 68,
        "holidayRate": 68
      },
      "employeeEmergencyDetails": {
        "id": 2281,
        "activeStatus": "A",
        "createdAt": "2022-04-12T16:58:56.000+00:00",
        "updatedAt": "2022-04-12T16:58:56.000+00:00",
        "bloodGroup": null,
        "contactName": null,
        "contactNumber": null,
        "relation": null,
        "photo": "photo_SarmilaThapaMagar_20220412111355",
        "citizenship": "citizenship_SarmilaThapaMagar_20220412111355"
      }
    },
    "totalHours": {
      "totalWorkedHours": 0,
      "totalLeaveDays": 0,
      "totalSickLeaveDays": 0,
      "totalAbsentDays": 0,
      "totalBasicHours": 0,
      "totalHolidayHours": 0,
      "totalOvertimeHours": 0,
      "totalHolidayBasicHours": 0,
      "totalLeaveHours": 0,
      "totalSickHours": 0
    },
    "isReliever": false,
    "days": [
      {
        "date": 1,
        "workedHours": 0,
        "isWeekend": false,
        "isHoliday": false,
        "isLeave": false,
        "isSick": false,
        "isAbsent": false,
        "isOvertime": false,
        "isReliever": false,
        "relievedEmployeeId": null,
        "holidayBasicHours": 0
      },
      {
        "date": 2,
        "workedHours": 0,
        "isWeekend": true,
        "isHoliday": false,
        "isLeave": false,
        "isSick": false,
        "isAbsent": false,
        "isOvertime": false,
        "isReliever": false,
        "relievedEmployeeId": null,
        "holidayBasicHours": 0
      },
      {
        "date": 3,
        "workedHours": 0,
        "isWeekend": false,
        "isHoliday": false,
        "isLeave": false,
        "isSick": false,
        "isAbsent": false,
        "isOvertime": false,
        "isReliever": false,
        "relievedEmployeeId": null,
        "holidayBasicHours": 0
      },
      {
        "date": 4,
        "workedHours": 0,
        "isWeekend": false,
        "isHoliday": false,
        "isLeave": false,
        "isSick": false,
        "isAbsent": false,
        "isOvertime": false,
        "isReliever": false,
        "relievedEmployeeId": null,
        "holidayBasicHours": 0
      },
      {
        "date": 5,
        "workedHours": 0,
        "isWeekend": false,
        "isHoliday": false,
        "isLeave": false,
        "isSick": false,
        "isAbsent": false,
        "isOvertime": false,
        "isReliever": false,
        "relievedEmployeeId": null,
        "holidayBasicHours": 0
      },
      {
        "date": 6,
        "workedHours": 0,
        "isWeekend": false,
        "isHoliday": false,
        "isLeave": false,
        "isSick": false,
        "isAbsent": false,
        "isOvertime": false,
        "isReliever": false,
        "relievedEmployeeId": null,
        "holidayBasicHours": 0
      },
      {
        "date": 7,
        "workedHours": 0,
        "isWeekend": false,
        "isHoliday": false,
        "isLeave": false,
        "isSick": false,
        "isAbsent": false,
        "isOvertime": false,
        "isReliever": false,
        "relievedEmployeeId": null,
        "holidayBasicHours": 0
      },
      {
        "date": 8,
        "workedHours": 0,
        "isWeekend": false,
        "isHoliday": false,
        "isLeave": false,
        "isSick": false,
        "isAbsent": false,
        "isOvertime": false,
        "isReliever": false,
        "relievedEmployeeId": null,
        "holidayBasicHours": 0
      },
      {
        "date": 9,
        "workedHours": 0,
        "isWeekend": true,
        "isHoliday": false,
        "isLeave": false,
        "isSick": false,
        "isAbsent": false,
        "isOvertime": false,
        "isReliever": false,
        "relievedEmployeeId": null,
        "holidayBasicHours": 0
      },
      {
        "date": 10,
        "workedHours": 0,
        "isWeekend": false,
        "isHoliday": false,
        "isLeave": false,
        "isSick": false,
        "isAbsent": false,
        "isOvertime": false,
        "isReliever": false,
        "relievedEmployeeId": null,
        "holidayBasicHours": 0
      },
      {
        "date": 11,
        "workedHours": 0,
        "isWeekend": false,
        "isHoliday": false,
        "isLeave": false,
        "isSick": false,
        "isAbsent": false,
        "isOvertime": false,
        "isReliever": false,
        "relievedEmployeeId": null,
        "holidayBasicHours": 0
      },
      {
        "date": 12,
        "workedHours": 0,
        "isWeekend": false,
        "isHoliday": false,
        "isLeave": false,
        "isSick": false,
        "isAbsent": false,
        "isOvertime": false,
        "isReliever": false,
        "relievedEmployeeId": null,
        "holidayBasicHours": 0
      },
      {
        "date": 13,
        "workedHours": 0,
        "isWeekend": false,
        "isHoliday": false,
        "isLeave": false,
        "isSick": false,
        "isAbsent": false,
        "isOvertime": false,
        "isReliever": false,
        "relievedEmployeeId": null,
        "holidayBasicHours": 0
      },
      {
        "date": 14,
        "workedHours": 0,
        "isWeekend": false,
        "isHoliday": false,
        "isLeave": false,
        "isSick": false,
        "isAbsent": false,
        "isOvertime": false,
        "isReliever": false,
        "relievedEmployeeId": null,
        "holidayBasicHours": 0
      },
      {
        "date": 15,
        "workedHours": 0,
        "isWeekend": false,
        "isHoliday": false,
        "isLeave": false,
        "isSick": false,
        "isAbsent": false,
        "isOvertime": false,
        "isReliever": false,
        "relievedEmployeeId": null,
        "holidayBasicHours": 0
      },
      {
        "date": 16,
        "workedHours": 0,
        "isWeekend": true,
        "isHoliday": false,
        "isLeave": false,
        "isSick": false,
        "isAbsent": false,
        "isOvertime": false,
        "isReliever": false,
        "relievedEmployeeId": null,
        "holidayBasicHours": 0
      },
      {
        "date": 17,
        "workedHours": 0,
        "isWeekend": false,
        "isHoliday": false,
        "isLeave": false,
        "isSick": false,
        "isAbsent": false,
        "isOvertime": false,
        "isReliever": false,
        "relievedEmployeeId": null,
        "holidayBasicHours": 0
      },
      {
        "date": 18,
        "workedHours": 0,
        "isWeekend": false,
        "isHoliday": false,
        "isLeave": false,
        "isSick": false,
        "isAbsent": false,
        "isOvertime": false,
        "isReliever": false,
        "relievedEmployeeId": null,
        "holidayBasicHours": 0
      },
      {
        "date": 19,
        "workedHours": 0,
        "isWeekend": false,
        "isHoliday": false,
        "isLeave": false,
        "isSick": false,
        "isAbsent": false,
        "isOvertime": false,
        "isReliever": false,
        "relievedEmployeeId": null,
        "holidayBasicHours": 0
      },
      {
        "date": 20,
        "workedHours": 0,
        "isWeekend": false,
        "isHoliday": false,
        "isLeave": false,
        "isSick": false,
        "isAbsent": false,
        "isOvertime": false,
        "isReliever": false,
        "relievedEmployeeId": null,
        "holidayBasicHours": 0
      },
      {
        "date": 21,
        "workedHours": 0,
        "isWeekend": false,
        "isHoliday": false,
        "isLeave": false,
        "isSick": false,
        "isAbsent": false,
        "isOvertime": false,
        "isReliever": false,
        "relievedEmployeeId": null,
        "holidayBasicHours": 0
      },
      {
        "date": 22,
        "workedHours": 0,
        "isWeekend": false,
        "isHoliday": false,
        "isLeave": false,
        "isSick": false,
        "isAbsent": false,
        "isOvertime": false,
        "isReliever": false,
        "relievedEmployeeId": null,
        "holidayBasicHours": 0
      },
      {
        "date": 23,
        "workedHours": 0,
        "isWeekend": true,
        "isHoliday": false,
        "isLeave": false,
        "isSick": false,
        "isAbsent": false,
        "isOvertime": false,
        "isReliever": false,
        "relievedEmployeeId": null,
        "holidayBasicHours": 0
      },
      {
        "date": 24,
        "workedHours": 0,
        "isWeekend": false,
        "isHoliday": false,
        "isLeave": false,
        "isSick": false,
        "isAbsent": false,
        "isOvertime": false,
        "isReliever": false,
        "relievedEmployeeId": null,
        "holidayBasicHours": 0
      },
      {
        "date": 25,
        "workedHours": 0,
        "isWeekend": false,
        "isHoliday": false,
        "isLeave": false,
        "isSick": false,
        "isAbsent": false,
        "isOvertime": false,
        "isReliever": false,
        "relievedEmployeeId": null,
        "holidayBasicHours": 0
      },
      {
        "date": 26,
        "workedHours": 0,
        "isWeekend": false,
        "isHoliday": false,
        "isLeave": false,
        "isSick": false,
        "isAbsent": false,
        "isOvertime": false,
        "isReliever": false,
        "relievedEmployeeId": null,
        "holidayBasicHours": 0
      },
      {
        "date": 27,
        "workedHours": 0,
        "isWeekend": false,
        "isHoliday": false,
        "isLeave": false,
        "isSick": false,
        "isAbsent": false,
        "isOvertime": false,
        "isReliever": false,
        "relievedEmployeeId": null,
        "holidayBasicHours": 0
      },
      {
        "date": 28,
        "workedHours": 0,
        "isWeekend": false,
        "isHoliday": false,
        "isLeave": false,
        "isSick": false,
        "isAbsent": false,
        "isOvertime": false,
        "isReliever": false,
        "relievedEmployeeId": null,
        "holidayBasicHours": 0
      },
      {
        "date": 29,
        "workedHours": 0,
        "isWeekend": false,
        "isHoliday": false,
        "isLeave": false,
        "isSick": false,
        "isAbsent": false,
        "isOvertime": false,
        "isReliever": false,
        "relievedEmployeeId": null,
        "holidayBasicHours": 0
      },
      {
        "date": 30,
        "workedHours": 0,
        "isWeekend": true,
        "isHoliday": false,
        "isLeave": false,
        "isSick": false,
        "isAbsent": false,
        "isOvertime": false,
        "isReliever": false,
        "relievedEmployeeId": null,
        "holidayBasicHours": 0
      }
    ],
    "numberOfHolidays": 0
  },
  {
    "employee": {
      "id": 1246,
      "activeStatus": "A",
      "createdAt": null,
      "updatedAt": "2022-04-13T13:17:05.000+00:00",
      "vsNo": "5489",
      "staffName": "Sabina Bishwokarma ",
      "phone": "9806196181/9861444400",
      "dateOfBirth": "2048-08-15",
      "permanentAddress": "Beni",
      "temporaryAddress": "Thapathali",
      "partTimeJoinDate": "2078-11-24",
      "fullTimeJoinDate": null,
      "resignDate": null,
      "category": {
        "id": 1,
        "activeStatus": "A",
        "createdAt": "2021-08-10T14:05:07.000+00:00",
        "updatedAt": null,
        "name": "Cleaner"
      },
      "workstation": null,
      "nonWorkingDays": "6",
      "useNepaliCalendar": true,
      "assignedHours": 3,
      "basicHours": 78,
      "email": null,
      "gender": "Female",
      "employeeDetails": {
        "id": 3440,
        "activeStatus": "A",
        "createdAt": "2022-04-13T13:17:05.000+00:00",
        "updatedAt": "2022-04-13T13:17:05.000+00:00",
        "accountNumber": null,
        "ssfNo": "20780379926",
        "panNumber": null,
        "bank": null,
        "bankBranch": null,
        "basicSalary": 3520,
        "dearnessAllowance": 2105,
        "otherAllowance": null,
        "specialAllowance": null,
        "direnessAllowance": null,
        "hardnessAllowance": null,
        "overtimeRate": 68,
        "holidayRate": 68
      },
      "employeeEmergencyDetails": {
        "id": 2482,
        "activeStatus": "A",
        "createdAt": "2022-04-13T13:17:05.000+00:00",
        "updatedAt": "2022-04-13T13:17:05.000+00:00",
        "bloodGroup": null,
        "contactName": "Bisanu Bishwokarma ",
        "contactNumber": "9861444400",
        "relation": "Sister",
        "photo": "photo_SabinaBishwokarma_20220413073204",
        "citizenship": "citizenship_SabinaBishwokarma_20220413073204"
      }
    },
    "totalHours": {
      "totalWorkedHours": 0,
      "totalLeaveDays": 0,
      "totalSickLeaveDays": 0,
      "totalAbsentDays": 0,
      "totalBasicHours": 0,
      "totalHolidayHours": 0,
      "totalOvertimeHours": 0,
      "totalHolidayBasicHours": 0,
      "totalLeaveHours": 0,
      "totalSickHours": 0
    },
    "isReliever": false,
    "days": [
      {
        "date": 1,
        "workedHours": 0,
        "isWeekend": false,
        "isHoliday": false,
        "isLeave": false,
        "isSick": false,
        "isAbsent": false,
        "isOvertime": false,
        "isReliever": false,
        "relievedEmployeeId": null,
        "holidayBasicHours": 0
      },
      {
        "date": 2,
        "workedHours": 0,
        "isWeekend": true,
        "isHoliday": false,
        "isLeave": false,
        "isSick": false,
        "isAbsent": false,
        "isOvertime": false,
        "isReliever": false,
        "relievedEmployeeId": null,
        "holidayBasicHours": 0
      },
      {
        "date": 3,
        "workedHours": 0,
        "isWeekend": false,
        "isHoliday": false,
        "isLeave": false,
        "isSick": false,
        "isAbsent": false,
        "isOvertime": false,
        "isReliever": false,
        "relievedEmployeeId": null,
        "holidayBasicHours": 0
      },
      {
        "date": 4,
        "workedHours": 0,
        "isWeekend": false,
        "isHoliday": false,
        "isLeave": false,
        "isSick": false,
        "isAbsent": false,
        "isOvertime": false,
        "isReliever": false,
        "relievedEmployeeId": null,
        "holidayBasicHours": 0
      },
      {
        "date": 5,
        "workedHours": 0,
        "isWeekend": false,
        "isHoliday": false,
        "isLeave": false,
        "isSick": false,
        "isAbsent": false,
        "isOvertime": false,
        "isReliever": false,
        "relievedEmployeeId": null,
        "holidayBasicHours": 0
      },
      {
        "date": 6,
        "workedHours": 0,
        "isWeekend": false,
        "isHoliday": false,
        "isLeave": false,
        "isSick": false,
        "isAbsent": false,
        "isOvertime": false,
        "isReliever": false,
        "relievedEmployeeId": null,
        "holidayBasicHours": 0
      },
      {
        "date": 7,
        "workedHours": 0,
        "isWeekend": false,
        "isHoliday": false,
        "isLeave": false,
        "isSick": false,
        "isAbsent": false,
        "isOvertime": false,
        "isReliever": false,
        "relievedEmployeeId": null,
        "holidayBasicHours": 0
      },
      {
        "date": 8,
        "workedHours": 0,
        "isWeekend": false,
        "isHoliday": false,
        "isLeave": false,
        "isSick": false,
        "isAbsent": false,
        "isOvertime": false,
        "isReliever": false,
        "relievedEmployeeId": null,
        "holidayBasicHours": 0
      },
      {
        "date": 9,
        "workedHours": 0,
        "isWeekend": true,
        "isHoliday": false,
        "isLeave": false,
        "isSick": false,
        "isAbsent": false,
        "isOvertime": false,
        "isReliever": false,
        "relievedEmployeeId": null,
        "holidayBasicHours": 0
      },
      {
        "date": 10,
        "workedHours": 0,
        "isWeekend": false,
        "isHoliday": false,
        "isLeave": false,
        "isSick": false,
        "isAbsent": false,
        "isOvertime": false,
        "isReliever": false,
        "relievedEmployeeId": null,
        "holidayBasicHours": 0
      },
      {
        "date": 11,
        "workedHours": 0,
        "isWeekend": false,
        "isHoliday": false,
        "isLeave": false,
        "isSick": false,
        "isAbsent": false,
        "isOvertime": false,
        "isReliever": false,
        "relievedEmployeeId": null,
        "holidayBasicHours": 0
      },
      {
        "date": 12,
        "workedHours": 0,
        "isWeekend": false,
        "isHoliday": false,
        "isLeave": false,
        "isSick": false,
        "isAbsent": false,
        "isOvertime": false,
        "isReliever": false,
        "relievedEmployeeId": null,
        "holidayBasicHours": 0
      },
      {
        "date": 13,
        "workedHours": 0,
        "isWeekend": false,
        "isHoliday": false,
        "isLeave": false,
        "isSick": false,
        "isAbsent": false,
        "isOvertime": false,
        "isReliever": false,
        "relievedEmployeeId": null,
        "holidayBasicHours": 0
      },
      {
        "date": 14,
        "workedHours": 0,
        "isWeekend": false,
        "isHoliday": false,
        "isLeave": false,
        "isSick": false,
        "isAbsent": false,
        "isOvertime": false,
        "isReliever": false,
        "relievedEmployeeId": null,
        "holidayBasicHours": 0
      },
      {
        "date": 15,
        "workedHours": 0,
        "isWeekend": false,
        "isHoliday": false,
        "isLeave": false,
        "isSick": false,
        "isAbsent": false,
        "isOvertime": false,
        "isReliever": false,
        "relievedEmployeeId": null,
        "holidayBasicHours": 0
      },
      {
        "date": 16,
        "workedHours": 0,
        "isWeekend": true,
        "isHoliday": false,
        "isLeave": false,
        "isSick": false,
        "isAbsent": false,
        "isOvertime": false,
        "isReliever": false,
        "relievedEmployeeId": null,
        "holidayBasicHours": 0
      },
      {
        "date": 17,
        "workedHours": 0,
        "isWeekend": false,
        "isHoliday": false,
        "isLeave": false,
        "isSick": false,
        "isAbsent": false,
        "isOvertime": false,
        "isReliever": false,
        "relievedEmployeeId": null,
        "holidayBasicHours": 0
      },
      {
        "date": 18,
        "workedHours": 0,
        "isWeekend": false,
        "isHoliday": false,
        "isLeave": false,
        "isSick": false,
        "isAbsent": false,
        "isOvertime": false,
        "isReliever": false,
        "relievedEmployeeId": null,
        "holidayBasicHours": 0
      },
      {
        "date": 19,
        "workedHours": 0,
        "isWeekend": false,
        "isHoliday": false,
        "isLeave": false,
        "isSick": false,
        "isAbsent": false,
        "isOvertime": false,
        "isReliever": false,
        "relievedEmployeeId": null,
        "holidayBasicHours": 0
      },
      {
        "date": 20,
        "workedHours": 0,
        "isWeekend": false,
        "isHoliday": false,
        "isLeave": false,
        "isSick": false,
        "isAbsent": false,
        "isOvertime": false,
        "isReliever": false,
        "relievedEmployeeId": null,
        "holidayBasicHours": 0
      },
      {
        "date": 21,
        "workedHours": 0,
        "isWeekend": false,
        "isHoliday": false,
        "isLeave": false,
        "isSick": false,
        "isAbsent": false,
        "isOvertime": false,
        "isReliever": false,
        "relievedEmployeeId": null,
        "holidayBasicHours": 0
      },
      {
        "date": 22,
        "workedHours": 0,
        "isWeekend": false,
        "isHoliday": false,
        "isLeave": false,
        "isSick": false,
        "isAbsent": false,
        "isOvertime": false,
        "isReliever": false,
        "relievedEmployeeId": null,
        "holidayBasicHours": 0
      },
      {
        "date": 23,
        "workedHours": 0,
        "isWeekend": true,
        "isHoliday": false,
        "isLeave": false,
        "isSick": false,
        "isAbsent": false,
        "isOvertime": false,
        "isReliever": false,
        "relievedEmployeeId": null,
        "holidayBasicHours": 0
      },
      {
        "date": 24,
        "workedHours": 0,
        "isWeekend": false,
        "isHoliday": false,
        "isLeave": false,
        "isSick": false,
        "isAbsent": false,
        "isOvertime": false,
        "isReliever": false,
        "relievedEmployeeId": null,
        "holidayBasicHours": 0
      },
      {
        "date": 25,
        "workedHours": 0,
        "isWeekend": false,
        "isHoliday": false,
        "isLeave": false,
        "isSick": false,
        "isAbsent": false,
        "isOvertime": false,
        "isReliever": false,
        "relievedEmployeeId": null,
        "holidayBasicHours": 0
      },
      {
        "date": 26,
        "workedHours": 0,
        "isWeekend": false,
        "isHoliday": false,
        "isLeave": false,
        "isSick": false,
        "isAbsent": false,
        "isOvertime": false,
        "isReliever": false,
        "relievedEmployeeId": null,
        "holidayBasicHours": 0
      },
      {
        "date": 27,
        "workedHours": 0,
        "isWeekend": false,
        "isHoliday": false,
        "isLeave": false,
        "isSick": false,
        "isAbsent": false,
        "isOvertime": false,
        "isReliever": false,
        "relievedEmployeeId": null,
        "holidayBasicHours": 0
      },
      {
        "date": 28,
        "workedHours": 0,
        "isWeekend": false,
        "isHoliday": false,
        "isLeave": false,
        "isSick": false,
        "isAbsent": false,
        "isOvertime": false,
        "isReliever": false,
        "relievedEmployeeId": null,
        "holidayBasicHours": 0
      },
      {
        "date": 29,
        "workedHours": 0,
        "isWeekend": false,
        "isHoliday": false,
        "isLeave": false,
        "isSick": false,
        "isAbsent": false,
        "isOvertime": false,
        "isReliever": false,
        "relievedEmployeeId": null,
        "holidayBasicHours": 0
      },
      {
        "date": 30,
        "workedHours": 0,
        "isWeekend": true,
        "isHoliday": false,
        "isLeave": false,
        "isSick": false,
        "isAbsent": false,
        "isOvertime": false,
        "isReliever": false,
        "relievedEmployeeId": null,
        "holidayBasicHours": 0
      }
    ],
    "numberOfHolidays": 0
  },
  {
    "employee": {
      "id": 1410,
      "activeStatus": "A",
      "createdAt": "2022-06-09T13:26:01.000+00:00",
      "updatedAt": "2022-06-09T13:26:01.000+00:00",
      "vsNo": "5651",
      "staffName": "Indra Kumari Shrestha ",
      "phone": "9860562004",
      "dateOfBirth": "2049-1-9",
      "permanentAddress": "Khotang ",
      "temporaryAddress": "Sanepa",
      "partTimeJoinDate": "2079-2-22",
      "fullTimeJoinDate": null,
      "resignDate": null,
      "category": {
        "id": 1,
        "activeStatus": "A",
        "createdAt": "2021-08-10T14:05:07.000+00:00",
        "updatedAt": null,
        "name": "Cleaner"
      },
      "workstation": null,
      "nonWorkingDays": "6",
      "useNepaliCalendar": true,
      "assignedHours": 3,
      "basicHours": 78,
      "email": null,
      "gender": "Female",
      "employeeDetails": {
        "id": 3761,
        "activeStatus": "A",
        "createdAt": "2022-06-09T13:26:01.000+00:00",
        "updatedAt": "2022-06-09T13:26:01.000+00:00",
        "accountNumber": null,
        "ssfNo": null,
        "panNumber": null,
        "bank": null,
        "bankBranch": null,
        "basicSalary": 3519.38,
        "dearnessAllowance": 2105.63,
        "otherAllowance": null,
        "specialAllowance": null,
        "direnessAllowance": null,
        "hardnessAllowance": null,
        "overtimeRate": 68,
        "holidayRate": 68
      },
      "employeeEmergencyDetails": {
        "id": 2803,
        "activeStatus": "A",
        "createdAt": "2022-06-09T13:26:01.000+00:00",
        "updatedAt": "2022-06-09T13:26:01.000+00:00",
        "bloodGroup": null,
        "contactName": "Cheban Kumar Shrestha",
        "contactNumber": "9841180532",
        "relation": "Brother",
        "photo": "photo_IndraKumariShrestha_20220609074100",
        "citizenship": "citizenship_IndraKumariShrestha_20220609074101"
      }
    },
    "totalHours": {
      "totalWorkedHours": 0,
      "totalLeaveDays": 0,
      "totalSickLeaveDays": 0,
      "totalAbsentDays": 0,
      "totalBasicHours": 0,
      "totalHolidayHours": 0,
      "totalOvertimeHours": 0,
      "totalHolidayBasicHours": 0,
      "totalLeaveHours": 0,
      "totalSickHours": 0
    },
    "isReliever": false,
    "days": [
      {
        "date": 1,
        "workedHours": 0,
        "isWeekend": false,
        "isHoliday": false,
        "isLeave": false,
        "isSick": false,
        "isAbsent": false,
        "isOvertime": false,
        "isReliever": false,
        "relievedEmployeeId": null,
        "holidayBasicHours": 0
      },
      {
        "date": 2,
        "workedHours": 0,
        "isWeekend": true,
        "isHoliday": false,
        "isLeave": false,
        "isSick": false,
        "isAbsent": false,
        "isOvertime": false,
        "isReliever": false,
        "relievedEmployeeId": null,
        "holidayBasicHours": 0
      },
      {
        "date": 3,
        "workedHours": 0,
        "isWeekend": false,
        "isHoliday": false,
        "isLeave": false,
        "isSick": false,
        "isAbsent": false,
        "isOvertime": false,
        "isReliever": false,
        "relievedEmployeeId": null,
        "holidayBasicHours": 0
      },
      {
        "date": 4,
        "workedHours": 0,
        "isWeekend": false,
        "isHoliday": false,
        "isLeave": false,
        "isSick": false,
        "isAbsent": false,
        "isOvertime": false,
        "isReliever": false,
        "relievedEmployeeId": null,
        "holidayBasicHours": 0
      },
      {
        "date": 5,
        "workedHours": 0,
        "isWeekend": false,
        "isHoliday": false,
        "isLeave": false,
        "isSick": false,
        "isAbsent": false,
        "isOvertime": false,
        "isReliever": false,
        "relievedEmployeeId": null,
        "holidayBasicHours": 0
      },
      {
        "date": 6,
        "workedHours": 0,
        "isWeekend": false,
        "isHoliday": false,
        "isLeave": false,
        "isSick": false,
        "isAbsent": false,
        "isOvertime": false,
        "isReliever": false,
        "relievedEmployeeId": null,
        "holidayBasicHours": 0
      },
      {
        "date": 7,
        "workedHours": 0,
        "isWeekend": false,
        "isHoliday": false,
        "isLeave": false,
        "isSick": false,
        "isAbsent": false,
        "isOvertime": false,
        "isReliever": false,
        "relievedEmployeeId": null,
        "holidayBasicHours": 0
      },
      {
        "date": 8,
        "workedHours": 0,
        "isWeekend": false,
        "isHoliday": false,
        "isLeave": false,
        "isSick": false,
        "isAbsent": false,
        "isOvertime": false,
        "isReliever": false,
        "relievedEmployeeId": null,
        "holidayBasicHours": 0
      },
      {
        "date": 9,
        "workedHours": 0,
        "isWeekend": true,
        "isHoliday": false,
        "isLeave": false,
        "isSick": false,
        "isAbsent": false,
        "isOvertime": false,
        "isReliever": false,
        "relievedEmployeeId": null,
        "holidayBasicHours": 0
      },
      {
        "date": 10,
        "workedHours": 0,
        "isWeekend": false,
        "isHoliday": false,
        "isLeave": false,
        "isSick": false,
        "isAbsent": false,
        "isOvertime": false,
        "isReliever": false,
        "relievedEmployeeId": null,
        "holidayBasicHours": 0
      },
      {
        "date": 11,
        "workedHours": 0,
        "isWeekend": false,
        "isHoliday": false,
        "isLeave": false,
        "isSick": false,
        "isAbsent": false,
        "isOvertime": false,
        "isReliever": false,
        "relievedEmployeeId": null,
        "holidayBasicHours": 0
      },
      {
        "date": 12,
        "workedHours": 0,
        "isWeekend": false,
        "isHoliday": false,
        "isLeave": false,
        "isSick": false,
        "isAbsent": false,
        "isOvertime": false,
        "isReliever": false,
        "relievedEmployeeId": null,
        "holidayBasicHours": 0
      },
      {
        "date": 13,
        "workedHours": 0,
        "isWeekend": false,
        "isHoliday": false,
        "isLeave": false,
        "isSick": false,
        "isAbsent": false,
        "isOvertime": false,
        "isReliever": false,
        "relievedEmployeeId": null,
        "holidayBasicHours": 0
      },
      {
        "date": 14,
        "workedHours": 0,
        "isWeekend": false,
        "isHoliday": false,
        "isLeave": false,
        "isSick": false,
        "isAbsent": false,
        "isOvertime": false,
        "isReliever": false,
        "relievedEmployeeId": null,
        "holidayBasicHours": 0
      },
      {
        "date": 15,
        "workedHours": 0,
        "isWeekend": false,
        "isHoliday": false,
        "isLeave": false,
        "isSick": false,
        "isAbsent": false,
        "isOvertime": false,
        "isReliever": false,
        "relievedEmployeeId": null,
        "holidayBasicHours": 0
      },
      {
        "date": 16,
        "workedHours": 0,
        "isWeekend": true,
        "isHoliday": false,
        "isLeave": false,
        "isSick": false,
        "isAbsent": false,
        "isOvertime": false,
        "isReliever": false,
        "relievedEmployeeId": null,
        "holidayBasicHours": 0
      },
      {
        "date": 17,
        "workedHours": 0,
        "isWeekend": false,
        "isHoliday": false,
        "isLeave": false,
        "isSick": false,
        "isAbsent": false,
        "isOvertime": false,
        "isReliever": false,
        "relievedEmployeeId": null,
        "holidayBasicHours": 0
      },
      {
        "date": 18,
        "workedHours": 0,
        "isWeekend": false,
        "isHoliday": false,
        "isLeave": false,
        "isSick": false,
        "isAbsent": false,
        "isOvertime": false,
        "isReliever": false,
        "relievedEmployeeId": null,
        "holidayBasicHours": 0
      },
      {
        "date": 19,
        "workedHours": 0,
        "isWeekend": false,
        "isHoliday": false,
        "isLeave": false,
        "isSick": false,
        "isAbsent": false,
        "isOvertime": false,
        "isReliever": false,
        "relievedEmployeeId": null,
        "holidayBasicHours": 0
      },
      {
        "date": 20,
        "workedHours": 0,
        "isWeekend": false,
        "isHoliday": false,
        "isLeave": false,
        "isSick": false,
        "isAbsent": false,
        "isOvertime": false,
        "isReliever": false,
        "relievedEmployeeId": null,
        "holidayBasicHours": 0
      },
      {
        "date": 21,
        "workedHours": 0,
        "isWeekend": false,
        "isHoliday": false,
        "isLeave": false,
        "isSick": false,
        "isAbsent": false,
        "isOvertime": false,
        "isReliever": false,
        "relievedEmployeeId": null,
        "holidayBasicHours": 0
      },
      {
        "date": 22,
        "workedHours": 0,
        "isWeekend": false,
        "isHoliday": false,
        "isLeave": false,
        "isSick": false,
        "isAbsent": false,
        "isOvertime": false,
        "isReliever": false,
        "relievedEmployeeId": null,
        "holidayBasicHours": 0
      },
      {
        "date": 23,
        "workedHours": 0,
        "isWeekend": true,
        "isHoliday": false,
        "isLeave": false,
        "isSick": false,
        "isAbsent": false,
        "isOvertime": false,
        "isReliever": false,
        "relievedEmployeeId": null,
        "holidayBasicHours": 0
      },
      {
        "date": 24,
        "workedHours": 0,
        "isWeekend": false,
        "isHoliday": false,
        "isLeave": false,
        "isSick": false,
        "isAbsent": false,
        "isOvertime": false,
        "isReliever": false,
        "relievedEmployeeId": null,
        "holidayBasicHours": 0
      },
      {
        "date": 25,
        "workedHours": 0,
        "isWeekend": false,
        "isHoliday": false,
        "isLeave": false,
        "isSick": false,
        "isAbsent": false,
        "isOvertime": false,
        "isReliever": false,
        "relievedEmployeeId": null,
        "holidayBasicHours": 0
      },
      {
        "date": 26,
        "workedHours": 0,
        "isWeekend": false,
        "isHoliday": false,
        "isLeave": false,
        "isSick": false,
        "isAbsent": false,
        "isOvertime": false,
        "isReliever": false,
        "relievedEmployeeId": null,
        "holidayBasicHours": 0
      },
      {
        "date": 27,
        "workedHours": 0,
        "isWeekend": false,
        "isHoliday": false,
        "isLeave": false,
        "isSick": false,
        "isAbsent": false,
        "isOvertime": false,
        "isReliever": false,
        "relievedEmployeeId": null,
        "holidayBasicHours": 0
      },
      {
        "date": 28,
        "workedHours": 0,
        "isWeekend": false,
        "isHoliday": false,
        "isLeave": false,
        "isSick": false,
        "isAbsent": false,
        "isOvertime": false,
        "isReliever": false,
        "relievedEmployeeId": null,
        "holidayBasicHours": 0
      },
      {
        "date": 29,
        "workedHours": 0,
        "isWeekend": false,
        "isHoliday": false,
        "isLeave": false,
        "isSick": false,
        "isAbsent": false,
        "isOvertime": false,
        "isReliever": false,
        "relievedEmployeeId": null,
        "holidayBasicHours": 0
      },
      {
        "date": 30,
        "workedHours": 0,
        "isWeekend": true,
        "isHoliday": false,
        "isLeave": false,
        "isSick": false,
        "isAbsent": false,
        "isOvertime": false,
        "isReliever": false,
        "relievedEmployeeId": null,
        "holidayBasicHours": 0
      }
    ],
    "numberOfHolidays": 0
  }
]
