{
    "client": {
        "id": 264,
        "activeStatus": "A",
        "createdAt": "2021-08-10T14:11:14.000+00:00",
        "updatedAt": null,
        "siteName": "Thames College",
        "branch": null,
        "address": "Old Baneshwor",
        "email": "info@thamescollege.edu.np.",
        "phone": "4464584, 4465660, 4499324.",
        "nonWorkingDays": "6",
        "monthlyHours": 0,
        "useNepaliCalendar": true,
        "useHoliday": false,
        "useLunch": false,
        "useUniform": false,
        "useReplacement": false,
        "holidayRate": null,
        "overtimeRate": null
    },
    "totalHours": {
        "totalWorkedHours": 208,
        "totalLeaveDays": 0,
        "totalSickLeaveDays": 0,
        "totalAbsentDays": 0,
        "totalBasicHours": 208,
        "totalHolidayHours": 0,
        "totalOvertimeHours": 32,
        "totalHolidayBasicHours": 0,
        "totalLeaveHours": 0,
        "totalSickHours": 0
    },
    "days": [
        {
            "date": 1,
            "workedHours": 8,
            "isWeekend": false,
            "isHoliday": false,
            "isLeave": false,
            "isSick": false,
            "isAbsent": false,
            "isOvertime": false,
            "isReliever": false,
            "relievedEmployeeId": null,
            "holidayBasicHours": 0
        },
        {
            "date": 2,
            "workedHours": 8,
            "isWeekend": true,
            "isHoliday": false,
            "isLeave": false,
            "isSick": false,
            "isAbsent": false,
            "isOvertime": false,
            "isReliever": false,
            "relievedEmployeeId": null,
            "holidayBasicHours": 0
        },
        {
            "date": 3,
            "workedHours": 8,
            "isWeekend": false,
            "isHoliday": false,
            "isLeave": false,
            "isSick": false,
            "isAbsent": false,
            "isOvertime": false,
            "isReliever": false,
            "relievedEmployeeId": null,
            "holidayBasicHours": 0
        },
        {
            "date": 4,
            "workedHours": 8,
            "isWeekend": false,
            "isHoliday": false,
            "isLeave": false,
            "isSick": false,
            "isAbsent": false,
            "isOvertime": false,
            "isReliever": false,
            "relievedEmployeeId": null,
            "holidayBasicHours": 0
        },
        {
            "date": 5,
            "workedHours": 8,
            "isWeekend": false,
            "isHoliday": false,
            "isLeave": false,
            "isSick": false,
            "isAbsent": false,
            "isOvertime": false,
            "isReliever": false,
            "relievedEmployeeId": null,
            "holidayBasicHours": 0
        },
        {
            "date": 6,
            "workedHours": 8,
            "isWeekend": false,
            "isHoliday": false,
            "isLeave": false,
            "isSick": false,
            "isAbsent": false,
            "isOvertime": false,
            "isReliever": false,
            "relievedEmployeeId": null,
            "holidayBasicHours": 0
        },
        {
            "date": 7,
            "workedHours": 8,
            "isWeekend": false,
            "isHoliday": false,
            "isLeave": false,
            "isSick": false,
            "isAbsent": false,
            "isOvertime": false,
            "isReliever": false,
            "relievedEmployeeId": null,
            "holidayBasicHours": 0
        },
        {
            "date": 8,
            "workedHours": 8,
            "isWeekend": false,
            "isHoliday": false,
            "isLeave": false,
            "isSick": false,
            "isAbsent": false,
            "isOvertime": false,
            "isReliever": false,
            "relievedEmployeeId": null,
            "holidayBasicHours": 0
        },
        {
            "date": 9,
            "workedHours": 8,
            "isWeekend": true,
            "isHoliday": false,
            "isLeave": false,
            "isSick": false,
            "isAbsent": false,
            "isOvertime": false,
            "isReliever": false,
            "relievedEmployeeId": null,
            "holidayBasicHours": 0
        },
        {
            "date": 10,
            "workedHours": 8,
            "isWeekend": false,
            "isHoliday": false,
            "isLeave": false,
            "isSick": false,
            "isAbsent": false,
            "isOvertime": false,
            "isReliever": false,
            "relievedEmployeeId": null,
            "holidayBasicHours": 0
        },
        {
            "date": 11,
            "workedHours": 8,
            "isWeekend": false,
            "isHoliday": false,
            "isLeave": false,
            "isSick": false,
            "isAbsent": false,
            "isOvertime": false,
            "isReliever": false,
            "relievedEmployeeId": null,
            "holidayBasicHours": 0
        },
        {
            "date": 12,
            "workedHours": 8,
            "isWeekend": false,
            "isHoliday": false,
            "isLeave": false,
            "isSick": false,
            "isAbsent": false,
            "isOvertime": false,
            "isReliever": false,
            "relievedEmployeeId": null,
            "holidayBasicHours": 0
        },
        {
            "date": 13,
            "workedHours": 8,
            "isWeekend": false,
            "isHoliday": false,
            "isLeave": false,
            "isSick": false,
            "isAbsent": false,
            "isOvertime": false,
            "isReliever": false,
            "relievedEmployeeId": null,
            "holidayBasicHours": 0
        },
        {
            "date": 14,
            "workedHours": 8,
            "isWeekend": false,
            "isHoliday": false,
            "isLeave": false,
            "isSick": false,
            "isAbsent": false,
            "isOvertime": false,
            "isReliever": false,
            "relievedEmployeeId": null,
            "holidayBasicHours": 0
        },
        {
            "date": 15,
            "workedHours": 8,
            "isWeekend": false,
            "isHoliday": false,
            "isLeave": false,
            "isSick": false,
            "isAbsent": false,
            "isOvertime": false,
            "isReliever": false,
            "relievedEmployeeId": null,
            "holidayBasicHours": 0
        },
        {
            "date": 16,
            "workedHours": 8,
            "isWeekend": true,
            "isHoliday": false,
            "isLeave": false,
            "isSick": false,
            "isAbsent": false,
            "isOvertime": false,
            "isReliever": false,
            "relievedEmployeeId": null,
            "holidayBasicHours": 0
        },
        {
            "date": 17,
            "workedHours": 8,
            "isWeekend": false,
            "isHoliday": false,
            "isLeave": false,
            "isSick": false,
            "isAbsent": false,
            "isOvertime": false,
            "isReliever": false,
            "relievedEmployeeId": null,
            "holidayBasicHours": 0
        },
        {
            "date": 18,
            "workedHours": 8,
            "isWeekend": false,
            "isHoliday": false,
            "isLeave": false,
            "isSick": false,
            "isAbsent": false,
            "isOvertime": false,
            "isReliever": false,
            "relievedEmployeeId": null,
            "holidayBasicHours": 0
        },
        {
            "date": 19,
            "workedHours": 8,
            "isWeekend": false,
            "isHoliday": false,
            "isLeave": false,
            "isSick": false,
            "isAbsent": false,
            "isOvertime": false,
            "isReliever": false,
            "relievedEmployeeId": null,
            "holidayBasicHours": 0
        },
        {
            "date": 20,
            "workedHours": 8,
            "isWeekend": false,
            "isHoliday": false,
            "isLeave": false,
            "isSick": false,
            "isAbsent": false,
            "isOvertime": false,
            "isReliever": false,
            "relievedEmployeeId": null,
            "holidayBasicHours": 0
        },
        {
            "date": 21,
            "workedHours": 8,
            "isWeekend": false,
            "isHoliday": false,
            "isLeave": false,
            "isSick": false,
            "isAbsent": false,
            "isOvertime": false,
            "isReliever": false,
            "relievedEmployeeId": null,
            "holidayBasicHours": 0
        },
        {
            "date": 22,
            "workedHours": 8,
            "isWeekend": false,
            "isHoliday": false,
            "isLeave": false,
            "isSick": false,
            "isAbsent": false,
            "isOvertime": false,
            "isReliever": false,
            "relievedEmployeeId": null,
            "holidayBasicHours": 0
        },
        {
            "date": 23,
            "workedHours": 8,
            "isWeekend": true,
            "isHoliday": false,
            "isLeave": false,
            "isSick": false,
            "isAbsent": false,
            "isOvertime": false,
            "isReliever": false,
            "relievedEmployeeId": null,
            "holidayBasicHours": 0
        },
        {
            "date": 24,
            "workedHours": 8,
            "isWeekend": false,
            "isHoliday": false,
            "isLeave": false,
            "isSick": false,
            "isAbsent": false,
            "isOvertime": false,
            "isReliever": false,
            "relievedEmployeeId": null,
            "holidayBasicHours": 0
        },
        {
            "date": 25,
            "workedHours": 8,
            "isWeekend": false,
            "isHoliday": false,
            "isLeave": false,
            "isSick": false,
            "isAbsent": false,
            "isOvertime": false,
            "isReliever": false,
            "relievedEmployeeId": null,
            "holidayBasicHours": 0
        },
        {
            "date": 26,
            "workedHours": 8,
            "isWeekend": false,
            "isHoliday": false,
            "isLeave": false,
            "isSick": false,
            "isAbsent": false,
            "isOvertime": false,
            "isReliever": false,
            "relievedEmployeeId": null,
            "holidayBasicHours": 0
        },
        {
            "date": 27,
            "workedHours": 8,
            "isWeekend": false,
            "isHoliday": false,
            "isLeave": false,
            "isSick": false,
            "isAbsent": false,
            "isOvertime": false,
            "isReliever": false,
            "relievedEmployeeId": null,
            "holidayBasicHours": 0
        },
        {
            "date": 28,
            "workedHours": 8,
            "isWeekend": false,
            "isHoliday": false,
            "isLeave": false,
            "isSick": false,
            "isAbsent": false,
            "isOvertime": false,
            "isReliever": false,
            "relievedEmployeeId": null,
            "holidayBasicHours": 0
        },
        {
            "date": 29,
            "workedHours": 8,
            "isWeekend": false,
            "isHoliday": false,
            "isLeave": false,
            "isSick": false,
            "isAbsent": false,
            "isOvertime": false,
            "isReliever": false,
            "relievedEmployeeId": null,
            "holidayBasicHours": 0
        },
        {
            "date": 30,
            "workedHours": 0,
            "isWeekend": true,
            "isHoliday": false,
            "isLeave": false,
            "isSick": false,
            "isAbsent": false,
            "isOvertime": false,
            "isReliever": false,
            "relievedEmployeeId": null,
            "holidayBasicHours": 0
        }
    ],
    "numberOfHolidays": 0
}